"ta","math_grade","spanish_grade","better_at_math"
"Phuong Vu",3.74149539337936,3.55610612251624,TRUE
"Yunwei Liang",4,3.34155085681842,TRUE
"Yubing Tian",4,3.70430968977995,TRUE
"Gavin Sreesangkom",3.99641146709266,3.60598820543516,TRUE
"Coco Li",3.65429902655208,3.75050314717341,FALSE
"George Zhang",3.91719229753522,3.73914436944051,TRUE
"Saurav Sawansukha",3.85730476940645,3.79723278986007,TRUE
"YuYu Madigan",3.41648631376821,4,FALSE
